trace,format,n,flip_rate,c,b,sigma,R2,med_flip_margin,below_p25,top2,demoted,dgap,mean_gap_q,neg_pct,fp_p25,rel_weight_err
s0,q8_0,32000,0.99375,1.0014535335019639,0.0002752855554591741,0.07681890820106026,0.9994888350247864,0.02476024627685547,100.0,98.11320754716981,96.85534591194968,0.0050699710845947266,3.5551817417144775,0.98125,0.7558162212371826,0.0051
s1,q8_0,32000,1.003125,1.001128122797722,-0.002267541655043234,0.07817412937186105,0.9994603331231814,0.027176380157470703,100.0,97.50778816199377,96.88473520249221,0.0014605522155761719,3.6288599967956543,0.9875,0.7554148435592651,0.0051
s2,q8_0,32000,1.04375,1.0013804388406011,-0.0015905029778589305,0.0782319194033099,0.9994734376698335,0.024518966674804688,100.0,96.40718562874252,96.7065868263473,0.003015279769897461,3.56274676322937,1.015625,0.7644575834274292,0.0051
s3,q8_0,32000,0.946875,1.001448373508333,-0.000419061985606068,0.07967352185324589,0.9994413529031435,0.027538299560546875,100.0,98.34983498349835,96.69966996699671,0.00441741943359375,3.572735548019409,0.934375,0.8068027496337891,0.0051
s4,q8_0,32000,0.846875,1.0014897778974947,-0.0006974771165095568,0.07822410810476604,0.999445768346377,0.027105331420898438,100.0,96.30996309963099,97.04797047970479,0.004259586334228516,3.5749714374542236,0.8250000000000001,0.7695683240890503,0.0051
s0,q6_k,32000,2.65625,0.9966596468752346,0.008608854459216858,0.20876830542286845,0.9962008122069125,0.07190108299255371,100.0,91.52941176470588,95.52941176470588,-0.0064465999603271484,3.5436651706695557,2.48125,0.7558162212371826,0.0169
s1,q6_k,32000,2.753125,0.9977216613028775,0.010852521894006779,0.2148128213657772,0.9959117647749113,0.07587099075317383,100.0,89.21679909194098,92.50851305334847,-0.0011754035949707031,3.6262240409851074,2.540625,0.7554148435592651,0.0169
s2,q6_k,32000,2.825,0.9980503853207405,0.020796088365846885,0.2228668103606108,0.995714225274189,0.07051825523376465,100.0,90.59734513274337,93.80530973451327,0.011288166046142578,3.5710196495056152,2.61875,0.7644575834274292,0.0169
s3,q6_k,32000,2.740625,0.9976475114921827,0.0043826515149727185,0.21396098326714397,0.9959545784110609,0.07771587371826172,100.0,91.67616875712656,92.7023945267959,-0.007111549377441406,3.561206579208374,2.58125,0.8068027496337891,0.0169
s4,q6_k,32000,2.6218749999999997,0.9960216186645026,0.013695347579771207,0.21281197895493975,0.9958676212754514,0.07576179504394531,100.0,90.3456495828367,93.68295589988081,-0.004761219024658203,3.565950632095337,2.434375,0.7695683240890503,0.0169
s0,q5_k,32000,4.04375,0.9970679776178679,-0.004250063397020132,0.3263261031051839,0.9907756051513217,0.10918760299682617,99.38176197836167,88.09891808346212,89.25811437403401,-0.024137258529663086,3.5259745121002197,3.715625,0.7558162212371826,0.0306
s1,q5_k,32000,4.11875,0.9938902077671401,0.0035236856347002146,0.31697752439717747,0.9910731295224451,0.10329341888427734,99.54476479514416,88.1638846737481,88.99848254931715,-0.02760601043701172,3.5997934341430664,3.7968750000000004,0.7554148435592651,0.0306
s2,q5_k,32000,4.190625,0.9980389315576269,-0.010208403939235632,0.32025848382933075,0.9911900786051697,0.10216712951660156,99.62714392244594,88.2923191648024,89.11260253542133,-0.02645111083984375,3.533280372619629,3.8625,0.7644575834274292,0.0306
s3,q5_k,32000,4.015625,0.9983533068928536,-0.001252040757487004,0.32632824259991233,0.9906530116946247,0.11165809631347656,99.53307392996109,87.78210116731518,87.70428015564202,-0.016916275024414062,3.5514018535614014,3.7125,0.8068027496337891,0.0306
s4,q5_k,32000,3.96875,0.9959604347869938,-0.007751571482334547,0.3184193363721414,0.99079460937179,0.10701751708984375,99.37007874015748,86.77165354330708,88.4251968503937,-0.03211545944213867,3.5385963916778564,3.634375,0.7695683240890503,0.0306
s0,q5_0,32000,5.768750000000001,1.0114175553672646,-0.035947355011115616,0.4536649772189594,0.9828134342939503,0.1468822956085205,98.10400866738895,84.94041170097508,85.6988082340195,-0.006544828414916992,3.543566942214966,5.246875,0.7558162212371826,0.0408
s1,q5_0,32000,5.9375,1.0122927824698749,-0.051269946585566446,0.45813670440370086,0.982185049083609,0.14412611722946167,97.73684210526315,85.3157894736842,84.10526315789474,-0.017277002334594727,3.6101224422454834,5.4593750000000005,0.7554148435592651,0.0408
s2,q5_0,32000,5.6375,1.0140547153776591,-0.03099081120265776,0.46690160424571486,0.9820294555568414,0.14801669120788574,97.89356984478935,84.53436807095343,85.2549889135255,0.0070536136627197266,3.5667850971221924,5.071875,0.7644575834274292,0.0408
s3,q5_0,32000,5.3656250000000005,1.0118564173991458,-0.05209332937837443,0.4649127036518283,0.9816982592434326,0.1469106674194336,98.19452533488644,83.51776354105999,85.55620267909144,-0.02516794204711914,3.5431501865386963,4.815625,0.8068027496337891,0.0408
s4,q5_0,32000,5.821875,1.0108645300446173,-0.04923880178777564,0.4664465653325639,0.9810138496564267,0.15902996063232422,96.99409554482018,85.6682769726248,84.97047772410092,-0.021301984786987305,3.549409866333008,5.35,0.7695683240890503,0.0408
s0,q4_k,32000,8.009375,0.9780498748325483,0.0010694577133319827,0.5920913612739709,0.9691293565294411,0.2026686668395996,94.3425673039407,79.94537651190011,81.15489660554039,-0.09288477897644043,3.4572269916534424,6.9750000000000005,0.7558162212371826,0.0604
s1,q4_k,32000,7.903124999999999,0.9745141483885443,-0.01411469761319849,0.5837989598127075,0.9691981824329536,0.19232654571533203,94.34559114274417,78.88493475682088,79.35943060498221,-0.1295919418334961,3.497807502746582,6.84375,0.7554148435592651,0.0604
s2,q4_k,32000,7.846875000000001,0.9748701530653465,0.016185560563021232,0.5932143372016812,0.9690276150148697,0.19878101348876953,94.46435682994823,78.97252090800478,80.04778972520909,-0.09493589401245117,3.4647955894470215,6.8218749999999995,0.7644575834274292,0.0604
s3,q4_k,32000,7.740625,0.9740815773657149,0.008780671171239315,0.5808780487611857,0.9695519362022055,0.20741748809814453,94.91320145337102,79.77392006459428,81.71174808235769,-0.10415482521057129,3.464163303375244,6.6968749999999995,0.8068027496337891,0.0604
s4,q4_k,32000,7.793750000000001,0.9758550044340902,-0.002886819514788075,0.5878030316808041,0.9680739290603415,0.19996929168701172,94.50681635926223,79.59101844426624,81.03448275862068,-0.11116862297058105,3.459543228149414,6.809374999999999,0.7695683240890503,0.0604
s0,q4_0,32000,11.546875,0.9627996685312763,0.06966099639420446,1.046056533410019,0.9069472983071967,0.29682254791259766,83.382949932341,76.29228687415426,74.93910690121787,-0.11635804176330566,3.433753728866577,9.884374999999999,0.7558162212371826,0.0818
s1,q4_0,32000,11.440625,0.9638909740002771,0.06482997742279391,1.0367389846429493,0.9070736264214392,0.26936912536621094,86.01475006828736,75.63507238459437,76.18137121005189,-0.13311195373535156,3.4942874908447266,9.68125,0.7554148435592651,0.0818
s2,q4_0,32000,11.609375,0.9601641067668079,0.06595422622640103,1.0268089618311615,0.9101515016969156,0.2840762138366699,84.46837146702558,75.1278600269179,75.37012113055181,-0.1301870346069336,3.429544448852539,9.834375,0.7644575834274292,0.0818
s3,q4_0,32000,11.31875,0.9640289180869756,0.0635704297445449,1.0527732140944646,0.9047177561074232,0.29694533348083496,84.06957482054113,75.26228602981779,76.25621203754832,-0.1252279281616211,3.4430902004241943,9.6125,0.8068027496337891,0.0818
s4,q4_0,32000,11.60625,0.9622874603710895,0.08965753096997198,1.061692114678912,0.900377784602361,0.288618803024292,83.79106085083467,74.1518578352181,75.47119009154551,-0.10291194915771484,3.4677999019622803,9.775,0.7695683240890503,0.0818
s0,q3_k,32000,18.081249999999997,0.9100894385522628,0.12701335533406047,1.6270349652881386,0.7825943531235782,0.4190967082977295,69.80642931213274,60.836501901140686,62.0463187003111,-0.3619852066040039,3.188126564025879,13.6875,0.7558162212371826,0.1416
s1,q3_k,32000,17.91875,0.9049213434561478,0.12061695448678741,1.609980880776869,0.7810629631792148,0.3936377763748169,71.20683641437043,61.40565050575515,62.2602023020579,-0.3856382369995117,3.2417612075805664,13.521875,0.7554148435592651,0.1416
s2,q3_k,32000,18.331249999999997,0.904795243529403,0.12060439179666718,1.6128422608405837,0.7847577393109222,0.4308180809020996,69.38288441868394,60.364814183429935,61.779747698602115,-0.37178778648376465,3.187943696975708,13.721875,0.7644575834274292,0.1416
s3,q3_k,32000,17.4875,0.8989594023865218,0.16526566409088184,1.6170559046994648,0.7777589577724455,0.4156179428100586,71.4796283059328,61.63330950679057,62.9735525375268,-0.3280606269836426,3.240257501602173,13.325000000000001,0.8068027496337891,0.1416
s4,q3_k,32000,17.953125,0.8994223069236171,0.11328305837508333,1.6338526988757338,0.7692630052776006,0.4368133544921875,69.01653611836379,61.096605744125334,62.47171453437772,-0.4519655704498291,3.118746280670166,13.496875,0.7695683240890503,0.1416
s0,q2_k,32000,41.40625,0.8122907230743533,-0.2362268759836782,3.0062595841939492,0.4565116026443695,1.0056798458099365,42.76981132075472,33.95471698113208,38.66415094339622,-1.290839672088623,2.2592720985412598,25.171875,0.7558162212371826,0.2514
s1,q2_k,32000,43.621874999999996,0.809671260473094,-0.2815755526673918,2.9709348018636694,0.4561438551131515,1.1176624298095703,40.776559925496095,32.910666953220144,37.40239272154165,-1.3961501121520996,2.2312493324279785,26.384375,0.7554148435592651,0.2514
s2,q2_k,32000,40.8375,0.8232869094778896,-0.23201115433162076,2.877171623707746,0.48679896202067363,0.9796210527420044,43.61034588307315,33.03489439853076,37.917049280685646,-1.3332767486572266,2.226454734802246,24.76875,0.7644575834274292,0.2514
s3,q2_k,32000,42.221875,0.8153786471468434,-0.257371043403572,3.0215756186725455,0.4519341403808469,1.0893573760986328,41.80297535341573,34.0685367478351,37.10310117681889,-1.3240084648132324,2.244309663772583,26.01875,0.8068027496337891,0.2514
s4,q2_k,32000,42.33125,0.8109196234470816,-0.3096716431890853,2.8959986048726636,0.463119266552528,1.0956144332885742,41.591613760519714,32.452384467739556,39.052118706629265,-1.4055054187774658,2.1652064323425293,25.143749999999997,0.7695683240890503,0.2514
